<?xml version="1.0" encoding="UTF-8"?>
<project xsi:schemaLocation="http://maven.apache.org/POM/4.0.0 http://maven.apache.org/xsd/maven-4.0.0.xsd" xmlns:xsi="http://www.w3.org/2001/XMLSchema-instance">
  <!--This file was generated by cmvn (sandbox version).-->
  <!--DO NOT EDIT THIS FILE!-->
  <!--Your changes might be lost next time emvn is run.-->
  <modelVersion>4.0.0</modelVersion>
  <groupId>de.tototec</groupId>
  <artifactId>de.tototec.tools.cmvn</artifactId>
  <version>0.0.3</version>
  <packaging>bundle</packaging>
  <properties>
    <maven.compiler.source>1.6</maven.compiler.source>
    <maven.compiler.target>1.6</maven.compiler.target>
    <project.build.sourceEncoding>UTF-8</project.build.sourceEncoding>
  </properties>
  <dependencies>
    <dependency>
      <groupId>org.projectlombok</groupId>
      <artifactId>lombok</artifactId>
      <version>0.9.3</version>
      <scope>compile</scope>
      <optional>true</optional>
    </dependency>
    <dependency>
      <groupId>org.apache.xmlbeans</groupId>
      <artifactId>xmlbeans</artifactId>
      <version>2.4.0</version>
      <scope>compile</scope>
      <optional>true</optional>
      <exclusions>
        <exclusion>
          <groupId>net.sf.saxon</groupId>
          <artifactId>saxon</artifactId>
        </exclusion>
      </exclusions>
    </dependency>
    <dependency>
      <groupId>org.apache.servicemix.bundles</groupId>
      <artifactId>org.apache.servicemix.bundles.saxon</artifactId>
      <version>9.1.0.1_1</version>
      <scope>runtime</scope>
      <optional>true</optional>
    </dependency>
    <dependency>
      <groupId>org.apache.xmlbeans</groupId>
      <artifactId>xmlbeans-xpath</artifactId>
      <version>2.4.0</version>
      <scope>runtime</scope>
      <optional>true</optional>
      <exclusions>
        <exclusion>
          <groupId>net.sf.saxon</groupId>
          <artifactId>saxon</artifactId>
        </exclusion>
      </exclusions>
    </dependency>
  </dependencies>
  <repositories>
    <repository>
      <id>artifact_http_projectlombok.org_mavenrepo</id>
      <releases>
        <enabled>true</enabled>
      </releases>
      <snapshots>
        <enabled>false</enabled>
      </snapshots>
      <url>http://projectlombok.org/mavenrepo</url>
    </repository>
  </repositories>
  <build>
    <plugins>
      <plugin>
        <groupId>org.apache.felix</groupId>
        <artifactId>maven-bundle-plugin</artifactId>
        <version>2.0.1</version>
        <extensions>true</extensions>
        <configuration>
          <unpackBundle>true</unpackBundle>
          <instructions>
            <Bundle-SymbolicName>${project.artifactId}</Bundle-SymbolicName>
            <Bundle-RequiredExecutionEnvironment>JavaSE-1.6</Bundle-RequiredExecutionEnvironment>
            <Conditional-Package>*</Conditional-Package>
            <Main-Class>de.tototec.tools.cmvn.Cmvn</Main-Class>
          </instructions>
        </configuration>
      </plugin>
      <plugin>
        <groupId>org.codehaus.mojo</groupId>
        <artifactId>xmlbeans-maven-plugin</artifactId>
        <version>2.3.3</version>
        <executions>
          <execution>
            <goals>
              <goal>xmlbeans</goal>
            </goals>
          </execution>
        </executions>
        <configuration>
          <schemaDirectory>src/main/xsd</schemaDirectory>
        </configuration>
      </plugin>
    </plugins>
  </build>
</project>